1,2019-09-08,675,1460
2,2020-03-15,1214,1860
3,2020-03-30,987,498
4,2020-02-23,1304,1197
5,2020-03-09,241,1330
6,2020-02-27,2839,1709
7,2020-01-09,3051,1267
8,2019-06-15,3177,1803
9,2019-06-09,4322,1321
10,2020-02-04,3135,1981
11,2019-11-13,2073,1500
12,2019-08-18,3632,233
13,2019-05-29,335,1722
14,2020-04-19,1863,591
15,2019-12-31,1525,1037
16,2019-12-01,2365,1587
17,2020-02-04,904,177
18,2020-04-02,2071,1915
19,2019-11-19,714,146
20,2020-04-16,4671,1370
21,2019-06-29,2329,665
22,2020-04-09,2374,1245
23,2019-09-19,4340,1889
24,2019-07-04,4173,748
25,2019-06-14,693,1897
26,2020-04-19,1863,1302
27,2019-09-01,1503,869
28,2020-03-10,3445,1589
29,2020-01-23,1335,819
30,2019-09-16,4697,1382
31,2020-04-09,4357,1055
32,2019-05-27,482,2158
33,2019-10-10,1489,133
34,2019-09-14,4864,2075
35,2019-06-17,3099,2186
36,2020-05-01,4064,2151
37,2020-03-16,1719,1547
38,2019-07-16,1358,324
39,2020-04-10,1395,1597
40,2019-11-17,3280,289
41,2020-04-06,3984,716
42,2019-11-11,3617,1144
43,2019-08-28,607,1675
44,2019-12-13,3700,1019
45,2020-01-01,469,1965
46,2019-12-22,4365,1433
47,2019-11-05,4775,1899
48,2020-05-12,1794,1595
49,2019-11-03,4309,775
50,2020-05-26,2111,1748
51,2019-12-26,4253,1306
52,2020-02-03,3197,1938
53,2019-06-22,3453,2462
54,2020-03-26,4173,391
55,2020-05-18,3282,1598
56,2019-08-01,37,548
57,2019-07-30,4067,1121
58,2020-02-27,3564,66
59,2019-08-09,1771,424
60,2019-10-22,1576,1781
61,2019-10-09,3635,832
62,2019-08-04,255,2139
63,2019-12-27,2653,770
64,2019-06-28,3215,68
65,2020-01-17,891,1998
66,2019-06-11,337,681
67,2019-10-27,2144,1822
68,2020-01-30,2377,161
69,2019-06-28,4383,1904
70,2019-09-23,3109,1317
71,2020-02-10,1613,2498
72,2019-10-09,4180,1002
73,2020-01-01,2611,2102
74,2019-06-26,4309,330
75,2019-11-04,1519,457
76,2020-01-03,127,147
77,2019-07-01,3602,1699
78,2020-01-18,313,1145
79,2019-12-28,4573,221
80,2019-11-26,1522,514
81,2019-05-29,3747,1558
82,2019-09-12,3725,791
83,2019-10-04,2021,367
84,2019-09-08,2906,2303
85,2019-12-21,906,166
86,2019-09-09,2120,987
87,2020-01-23,3922,2453
88,2020-01-31,2934,1343
89,2019-11-23,2605,1948
90,2020-04-20,1008,544
91,2020-04-29,3281,2033
92,2019-05-31,1125,1920
93,2020-05-26,975,1867
94,2019-08-13,1020,1526
95,2019-10-24,3548,2171
96,2020-04-18,845,1334
97,2019-11-13,2691,2105
98,2020-04-09,457,2109
99,2020-02-25,1617,1877
100,2020-01-25,599,1884
101,2019-08-31,4827,308
102,2019-05-30,458,533
103,2020-04-11,3755,2100
104,2020-03-16,4798,191
105,2020-05-03,779,497
106,2019-07-13,1471,2061
107,2019-06-09,378,2449
108,2020-02-07,3944,1683
109,2019-12-06,2676,590
110,2020-02-24,3065,988
111,2019-10-18,923,1550
112,2019-08-04,4440,739
113,2019-09-29,2561,1004
114,2019-11-24,2065,951
115,2020-04-17,3806,1928
116,2019-12-06,79,1853
117,2020-05-24,2367,159
118,2020-03-12,4325,176
119,2020-04-17,1374,561
120,2020-04-18,1105,719
121,2020-03-23,3902,361
122,2019-10-20,2921,737
123,2020-04-08,1234,553
124,2020-05-20,4761,1654
125,2019-06-03,2914,1463
126,2019-10-16,2275,895
127,2020-01-11,2396,976
128,2020-01-14,3704,2182
129,2019-08-07,1935,490
130,2019-12-31,3950,187
131,2019-09-30,763,1135
132,2020-01-11,2201,655
133,2019-12-15,3320,1921
134,2019-11-29,2506,1652
135,2019-06-21,699,908
136,2019-06-10,2672,962
137,2019-12-14,1818,1516
138,2019-07-08,4896,421
139,2019-09-14,4438,226
140,2020-04-28,4974,2125
141,2020-03-18,1777,2364
142,2020-03-29,968,707
143,2020-02-11,3750,197
144,2020-02-21,2981,376
145,2019-11-05,2552,1417
146,2020-03-14,4358,1062
147,2020-04-11,3345,1100
148,2020-05-09,1277,1863
149,2019-09-19,375,687
150,2020-04-23,1199,2080
151,2020-03-04,3251,891
152,2019-09-07,2824,669
153,2020-01-29,673,1357
154,2019-12-26,2196,241
155,2019-07-01,178,2422
156,2019-09-06,34,1492
157,2019-10-03,3688,614
158,2019-09-30,2429,712
159,2019-12-07,2644,1731
160,2020-03-30,3238,903
161,2020-03-04,4675,671
162,2019-12-06,1678,1461
163,2020-05-06,2439,1586
164,2019-08-08,3442,89
165,2019-07-17,169,2156
166,2019-11-12,4592,603
167,2019-06-14,2797,152
168,2020-04-28,1750,2258
169,2020-02-21,4600,2142
170,2020-04-24,2869,2153
171,2020-03-07,3425,1174
172,2020-01-27,3188,749
173,2019-08-23,2165,898
174,2020-05-03,4628,2477
175,2020-02-11,4639,1274
176,2019-06-20,4638,2085
177,2019-09-01,3253,2335
178,2019-11-02,492,213
179,2020-02-19,171,2322
180,2020-02-08,3855,2476
181,2019-09-22,588,2233
182,2020-01-21,3717,80
183,2019-06-20,1542,1266
184,2019-06-28,87,314
185,2019-05-29,2678,1462
186,2020-04-17,3980,2345
187,2020-01-09,1012,461
188,2020-01-09,4162,8
189,2020-04-06,1169,810
190,2020-02-02,2138,1620
191,2019-06-03,1873,405
192,2020-03-22,3167,2201
193,2019-08-08,4284,358
194,2019-08-18,3138,678
195,2020-03-21,1048,610
196,2020-05-23,1701,1747
197,2019-09-05,3123,2484
198,2019-06-27,2603,689
199,2019-11-06,4123,676
200,2019-06-02,3633,1607
201,2019-12-30,4553,1650
202,2019-07-20,501,851
203,2020-04-12,1369,1199
204,2020-05-10,1148,165
205,2020-04-12,3349,174
206,2020-03-21,422,2213
207,2020-04-09,4091,2228
208,2019-07-25,3500,507
209,2019-08-11,3842,1530
210,2020-01-05,1515,1553
211,2020-04-09,4202,403
212,2020-02-25,616,1891
213,2020-01-16,4836,1296
214,2019-08-13,4342,186
215,2020-03-05,651,1178
216,2020-04-25,2290,704
217,2019-12-22,3595,1742
218,2020-05-23,2099,1990
219,2019-09-30,2431,2108
220,2020-04-09,4510,2376
221,2019-08-20,3846,1567
222,2019-12-25,1407,562
223,2020-02-26,4790,813
224,2020-02-19,1054,135
225,2019-10-28,2184,189
226,2019-12-15,1913,1236
227,2019-08-03,2556,1386
228,2019-09-24,1469,727
229,2020-02-07,2278,711
230,2019-11-04,1721,526
231,2019-11-08,2069,1514
232,2020-04-14,71,310
233,2019-10-25,373,2082
234,2019-11-13,2148,1297
235,2020-05-02,3097,2211
236,2020-04-05,4171,1951
237,2020-02-10,901,2481
238,2020-05-24,3873,379
239,2020-03-23,1662,1188
240,2020-03-30,3080,1546
241,2020-02-26,2672,1118
242,2020-03-22,1045,1581
243,2020-01-10,2672,171
244,2020-03-30,4212,931
245,2020-02-09,4862,735
246,2020-01-29,3065,984
247,2020-03-08,1375,1470
248,2019-11-07,3578,98
249,2019-12-16,3831,438
250,2020-05-24,1004,2443
251,2019-10-28,1304,1657
252,2019-08-06,2285,668
253,2020-05-19,3186,1491
254,2019-11-02,2961,81
255,2020-01-28,735,959
256,2019-11-14,1829,1464
257,2020-02-21,714,409
258,2020-05-04,3806,1031
259,2019-08-31,3519,1486
260,2020-04-02,1135,195
261,2019-11-07,1138,1726
262,2019-11-17,2519,1109
263,2019-09-06,2143,758
264,2019-10-22,2482,429
265,2019-10-14,2721,1655
266,2020-04-07,8,2190
267,2019-11-24,1034,1610
268,2020-04-20,1673,1967
269,2019-09-06,1283,2116
270,2020-01-01,519,3
271,2019-07-06,2151,1076
272,2019-12-18,1570,651
273,2019-08-17,2996,547
274,2019-11-01,4792,871
275,2019-09-27,2205,1167
276,2020-05-24,4237,2326
277,2020-03-19,1141,218
278,2020-01-19,3310,1105
279,2020-05-19,1824,940
280,2019-05-29,1421,1409
281,2020-04-09,698,2380
282,2019-12-25,1376,43
283,2019-10-17,1533,274
284,2020-02-18,3536,2266
285,2019-10-30,1493,1304
286,2020-05-14,3790,767
287,2019-09-22,393,26
288,2019-11-06,1310,1949
289,2019-12-13,1170,109
290,2019-10-06,4947,1104
291,2020-02-22,982,1929
292,2019-07-27,4550,715
293,2019-08-01,2806,102
294,2020-01-27,3973,1623
295,2019-08-13,1623,1479
296,2019-06-30,1978,1631
297,2019-08-13,1961,1279
298,2020-02-27,278,2272
299,2019-05-29,553,1243
300,2020-02-25,1281,2496
301,2019-09-19,4800,1232
302,2019-08-31,296,1692
303,2020-01-03,3823,1542
304,2019-12-04,566,742
305,2020-04-05,4253,295
306,2020-03-06,4463,2252
307,2019-11-19,3575,121
308,2020-01-29,57,2288
309,2020-02-11,1967,1673
310,2019-09-19,4945,2398
311,2020-03-28,682,754
312,2019-06-20,172,1198
313,2020-04-14,383,2225
314,2019-08-18,3219,2131
315,2019-06-08,3,654
316,2019-06-17,1236,1660
317,2020-03-16,787,734
318,2020-05-13,2528,387
319,2020-05-11,2962,196
320,2019-09-29,4451,386
321,2019-12-03,3891,419
322,2020-04-30,2597,1977
323,2019-09-23,611,1502
324,2019-12-07,2245,440
325,2019-12-18,1024,2089
326,2019-06-12,4439,260
327,2019-09-26,1904,2215
328,2019-12-22,3914,2152
329,2020-02-17,275,1548
330,2020-01-30,2472,1093
331,2019-07-18,2414,1855
332,2020-05-23,2110,205
333,2019-05-31,2381,318
334,2020-05-14,698,952
335,2020-02-09,3679,253
336,2020-03-22,4275,833
337,2019-10-13,2319,1132
338,2019-09-13,91,1653
339,2020-05-09,2840,1593
340,2019-11-30,2718,878
341,2020-05-24,4818,1207
342,2019-11-11,2225,1489
343,2020-01-26,2304,2323
344,2019-10-04,2913,245
345,2020-03-12,286,1786
346,2020-02-23,2031,552
347,2020-04-14,4443,1108
348,2020-05-26,362,899
349,2020-04-25,3748,2096
350,2019-09-17,4984,1472
351,2019-11-16,2433,1996
352,2020-05-22,4777,1841
353,2019-08-18,1529,697
354,2019-09-19,299,2407
355,2019-09-28,1495,1534
356,2020-01-22,3003,745
357,2019-08-25,3563,1816
358,2019-10-16,2283,1185
359,2019-11-05,3599,954
360,2019-07-26,497,857
361,2020-04-28,4316,329
362,2019-09-21,2534,60
363,2019-10-10,2219,157
364,2019-11-05,2435,1826
365,2019-11-08,1052,1449
366,2019-06-28,2882,1975
367,2019-10-29,2461,617
368,2020-03-23,2772,2384
369,2019-11-24,2575,124
370,2019-12-15,4812,1244
371,2019-08-24,3055,356
372,2020-04-12,4966,2312
373,2019-08-08,1308,137
374,2019-08-18,165,1874
375,2019-07-12,2364,75
376,2019-11-13,1092,1050
377,2019-08-12,2404,427
378,2019-07-25,3044,414
379,2019-12-24,2370,901
380,2019-08-16,1280,1508
381,2020-01-17,4169,510
382,2020-05-15,3620,816
383,2020-01-21,4166,262
384,2019-07-19,1037,1057
385,2020-04-27,3724,536
386,2019-11-17,1078,1521
387,2020-03-05,2574,1832
388,2020-03-11,3900,2433
389,2019-08-01,2333,887
390,2020-05-11,2408,2041
391,2020-01-01,2532,760
392,2019-06-15,4412,155
393,2020-03-20,2097,1698
394,2020-02-11,147,2029
395,2020-03-21,2531,1961
396,2020-02-17,2177,486
397,2019-06-01,1091,2239
398,2020-04-28,1606,1078
399,2019-07-03,3207,2436
400,2020-04-20,430,1504
401,2020-02-01,714,884
402,2020-02-05,3989,286
403,2019-08-14,1664,1259
404,2019-08-28,3401,2205
405,2019-10-16,4458,2396
406,2019-08-17,852,1451
407,2019-08-11,696,1230
408,2019-07-22,3901,1577
409,2019-09-17,3858,1580
410,2019-07-30,2706,163
411,2020-04-10,367,2370
412,2019-07-15,1123,343
413,2020-02-25,1252,428
414,2019-12-30,2064,595
415,2019-08-12,4078,1040
416,2020-02-29,1610,331
417,2019-08-15,3490,1510
418,2019-08-17,2579,1238
419,2019-09-09,4787,2480
420,2020-05-13,1319,657
421,2019-11-21,4045,1458
422,2020-02-23,4904,1403
423,2020-02-21,4135,718
424,2019-10-06,2286,1517
425,2020-02-01,4282,333
426,2019-06-12,1010,282
427,2020-01-31,234,158
428,2020-04-29,4046,1539
429,2019-11-24,919,1892
430,2020-02-15,447,1202
431,2020-03-08,3701,964
432,2019-08-19,34,1498
433,2019-09-10,1821,571
434,2019-12-11,3878,2234
435,2019-11-22,526,1944
436,2019-10-22,4400,1991
437,2019-11-06,2312,1111
438,2019-07-18,2479,42
439,2019-11-11,3788,566
440,2020-01-05,2504,773
441,2020-04-01,2960,1424
442,2019-11-01,1995,38
443,2019-06-11,20,1572
444,2019-12-27,1136,956
445,2019-07-21,1351,1273
446,2020-03-24,607,1736
447,2019-06-04,1917,1074
448,2020-05-15,3609,512
449,2020-04-08,602,1775
450,2020-03-18,2584,827
451,2020-01-06,4176,1909
452,2019-12-26,308,713
453,2020-02-02,701,412
454,2020-01-27,2798,2485
455,2020-02-25,2106,1919
456,2019-06-20,3847,297
457,2020-05-25,106,1693
458,2020-05-21,4193,1805
459,2020-04-04,4677,1432
460,2020-02-01,1812,142
461,2019-07-07,1949,1187
462,2019-10-24,4076,576
463,2019-08-30,4450,2115
464,2020-04-16,3437,815
465,2019-08-17,1939,1946
466,2019-11-25,1595,2459
467,2019-06-18,3889,1034
468,2020-05-15,865,917
469,2019-09-11,1667,2359
470,2019-06-01,1740,747
471,2020-03-03,3410,2006
472,2020-05-02,2013,2356
473,2019-08-30,3584,1661
474,2019-08-07,680,710
475,2019-11-09,323,365
476,2019-09-22,2418,1725
477,2020-04-27,1801,58
478,2019-05-28,3970,720
479,2019-07-23,1764,1194
480,2019-11-12,1578,1985
481,2020-04-02,2312,1666
482,2019-07-26,1585,555
483,2020-01-21,819,56
484,2020-04-30,4853,1622
485,2020-04-08,2807,648
486,2019-09-02,29,242
487,2020-01-06,1051,1418
488,2019-12-17,2910,2450
489,2019-08-21,3416,1299
490,2019-09-23,298,1857
491,2019-07-12,2233,688
492,2019-11-16,763,1397
493,2020-03-09,1705,1152
494,2019-07-09,3527,1162
495,2019-09-24,2151,1591
496,2019-08-04,1681,2185
497,2019-12-25,2814,2021
498,2019-12-08,3758,2313
499,2019-08-27,4454,983
500,2019-10-04,1346,2038
501,2020-03-27,1515,2331
502,2019-11-05,2152,974
503,2020-02-18,746,1137
504,2020-05-03,2807,1887
505,2020-02-27,4707,1947
506,2019-10-27,710,2066
507,2019-09-02,2675,31
508,2020-05-25,2321,1490
509,2019-08-02,1764,794
510,2020-03-30,735,1183
511,2019-09-03,4011,1483
512,2019-10-05,3497,228
513,2019-06-03,2916,880
514,2019-07-08,2947,872
515,2020-04-01,3411,1844
516,2019-08-22,766,144
517,2020-03-15,2295,695
518,2019-10-29,4957,659
519,2019-07-14,3727,630
520,2020-05-15,337,2032
521,2019-12-31,4553,1319
522,2019-06-22,4835,1601
523,2020-05-19,4379,499
524,2020-01-06,376,1171
525,2019-09-04,1713,2126
526,2019-07-11,1704,371
527,2019-05-31,329,1791
528,2020-05-02,3552,938
529,2020-01-04,954,1886
530,2019-05-31,1832,1022
531,2019-07-16,4125,456
532,2020-01-04,3982,359
533,2020-03-29,986,2467
534,2019-08-22,1461,1356
535,2019-10-23,4888,211
536,2020-03-14,2043,1381
537,2020-01-05,2187,1421
538,2020-01-01,3064,2167
539,2020-02-08,2229,487
540,2020-01-22,4350,35
541,2019-11-04,711,2291
542,2020-05-14,3027,1970
543,2019-07-12,3604,501
544,2020-01-24,1931,1425
545,2019-08-14,1351,2076
546,2020-03-05,1821,17
547,2020-04-06,938,382
548,2020-02-17,884,385
549,2019-10-02,1336,792
550,2019-10-06,1932,257
551,2019-08-26,816,447
552,2019-12-25,276,893
553,2020-04-13,917,2250
554,2020-03-21,4273,1753
555,2019-11-08,1974,2150
556,2019-09-07,1424,354
557,2019-06-13,2255,1339
558,2019-10-04,4789,834
559,2020-01-19,1251,550
560,2020-05-12,1702,1814
561,2020-01-14,388,1898
562,2020-01-14,1858,1170
563,2019-08-18,4766,1910
564,2019-08-20,2015,1518
565,2020-01-06,513,381
566,2020-02-22,4987,996
567,2020-02-18,4476,2375
568,2019-12-27,782,2401
569,2019-10-31,1605,296
570,2020-01-08,733,1412
571,2019-06-08,301,1097
572,2020-04-13,3209,1335
573,2020-02-24,3933,1346
574,2019-08-10,2732,2107
575,2020-05-14,4023,401
576,2020-01-16,827,660
577,2020-02-01,1297,1893
578,2019-06-27,2149,537
579,2019-08-09,1843,2263
580,2019-08-29,551,2308
581,2020-05-13,2462,525
582,2019-11-08,2549,160
583,2019-07-19,4742,1028
584,2019-09-17,845,110
585,2019-09-18,3696,1064
586,2019-09-04,576,1960
587,2019-11-23,909,2197
588,2019-09-16,2122,1962
589,2019-10-07,3373,400
590,2020-03-02,217,1644
591,2019-08-02,1706,1312
592,2020-03-31,3956,1089
593,2019-06-01,3574,2389
594,2020-03-11,1851,1750
595,2019-07-07,3278,1524
596,2020-01-21,3884,2027
597,2019-10-25,2180,1150
598,2020-02-24,3013,1351
599,2020-03-15,4266,370
600,2020-02-04,2201,1247
601,2020-02-20,838,1369
602,2020-01-05,3858,2159
603,2019-09-27,3795,496
604,2019-12-25,3026,1081
605,2019-11-08,2608,1374
606,2019-10-10,1341,849
607,2019-08-15,2252,2022
608,2020-02-28,3288,1256
609,2019-06-25,3941,2392
610,2019-11-20,1353,1812
611,2020-05-17,3863,2230
612,2020-02-15,2389,1956
613,2020-03-25,3816,1437
614,2019-07-31,838,1119
615,2019-08-05,2656,1246
616,2019-12-01,131,2103
617,2020-01-20,1690,1292
618,2019-12-12,3503,1602
619,2019-12-20,500,2010
620,2020-01-24,4703,1434
621,2019-11-27,3540,728
622,2020-05-05,122,1738
623,2020-05-14,2695,549
624,2020-02-20,4292,1206
625,2019-10-15,4671,316
626,2019-09-18,49,632
627,2019-09-13,3494,357
628,2019-09-22,494,714
629,2020-01-21,1726,105
630,2019-05-27,2840,997
631,2020-01-25,3788,2052
632,2020-03-08,599,1355
633,2019-12-08,1449,2278
634,2020-01-27,1910,1497
635,2019-12-20,2371,227
636,2019-08-16,491,1307
637,2020-03-25,2306,2390
638,2019-12-12,1249,69
639,2020-01-23,551,809
640,2019-06-03,689,2210
641,2019-09-13,2254,929
642,2019-09-06,3941,1136
643,2019-07-23,855,1953
644,2019-11-30,3586,1611
645,2019-12-15,2976,1604
646,2019-05-28,2994,111
647,2019-06-15,2959,2224
648,2019-08-25,140,2030
649,2019-07-16,4035,637
650,2019-11-02,618,2499
651,2020-03-29,4210,1049
652,2020-01-18,1546,858
653,2019-11-11,4155,2442
654,2020-02-16,463,1522
655,2020-04-16,107,374
656,2019-11-02,3288,1079
657,2019-07-16,2694,488
658,2020-02-21,1041,372
659,2019-06-12,3637,2325
660,2019-11-06,2242,417
661,2019-10-24,4976,2309
662,2020-02-25,1781,1193
663,2020-01-14,3946,2332
664,2020-04-06,1898,48
665,2019-10-15,13,1740
666,2019-06-22,3115,1083
667,2019-10-17,1119,335
668,2019-08-02,1781,2249
669,2019-12-09,4419,2203
670,2019-11-22,4765,259
671,2020-03-28,2683,1588
672,2020-03-26,651,129
673,2019-10-17,94,2192
674,2019-08-04,2337,37
675,2019-12-24,4899,1254
676,2020-01-10,2595,1496
677,2020-02-01,4537,2223
678,2019-06-15,54,188
679,2019-11-11,1750,20
680,2019-10-05,3545,2208
681,2020-04-15,4305,433
682,2020-02-23,21,1906
683,2019-11-20,603,1452
684,2020-05-24,2041,1422
685,2019-09-14,4778,1131
686,2020-03-16,1252,279
687,2019-08-16,1958,970
688,2019-07-30,713,408
689,2020-05-20,3123,1923
690,2019-10-05,4090,1858
691,2019-07-16,2258,1440
692,2019-10-20,2450,2281
693,2020-03-12,479,500
694,2019-06-04,3167,545
695,2020-05-14,628,44
696,2020-05-25,1039,2283
697,2019-09-06,357,236
698,2019-08-02,3902,912
699,2020-01-10,4000,2491
700,2020-02-22,480,801
701,2020-03-12,739,1280
702,2019-09-12,1000,787
703,2019-09-19,4154,477
704,2019-08-20,4393,1994
705,2020-03-03,951,2301
706,2020-01-10,2768,1293
707,2019-11-21,854,2337
708,2020-04-18,2876,445
709,2019-11-12,1671,46
710,2019-12-17,1138,1626
711,2019-11-20,3617,2284
712,2020-04-15,4879,570
713,2019-07-17,4333,1453
714,2019-11-20,2312,300
715,2019-10-03,4936,1301
716,2020-05-25,1592,1842
717,2019-12-19,4320,2191
718,2019-07-21,425,2410
719,2020-05-09,1968,604
720,2020-03-09,3933,215
721,2020-05-02,2862,2408
722,2019-09-07,4455,446
723,2020-01-09,881,1756
724,2019-10-26,1563,1596
725,2020-05-25,2548,2427
726,2019-08-30,1465,521
727,2019-08-25,2028,2113
728,2019-08-29,2181,1260
729,2019-10-31,4760,900
730,2019-10-16,4461,1014
731,2019-12-26,1574,1711
732,2020-02-14,1597,2056
733,2019-12-07,2797,2003
734,2019-06-07,936,283
735,2020-04-16,910,957
736,2020-02-14,3763,2465
737,2019-12-16,545,148
738,2019-09-26,2674,432
739,2020-05-06,4907,905
740,2020-05-12,4075,557
741,2019-09-11,4023,2438
742,2020-02-26,3294,1952
743,2019-08-24,1471,1345
744,2019-06-14,3807,1095
745,2019-06-17,236,575
746,2019-09-18,3959,700
747,2019-11-08,4973,1465
748,2019-12-21,1068,2432
749,2019-10-02,4852,1211
750,2019-12-15,1791,530
751,2020-03-27,3942,2386
752,2019-09-11,1838,1177
753,2019-12-14,3353,363
754,2019-08-28,816,293
755,2020-04-21,861,2217
756,2019-09-25,179,1864
757,2020-03-27,4120,454
758,2019-12-23,4075,981
759,2020-02-12,4853,1348
760,2019-07-05,118,2434
761,2020-04-16,806,1785
762,2020-05-20,2237,2444
763,2019-10-08,4378,593
764,2020-01-07,3796,1788
765,2020-04-17,3143,1770
766,2020-03-15,3202,1096
767,2019-09-14,702,40
768,2020-01-25,1122,1233
769,2020-05-25,698,1085
770,2020-03-07,1851,466
771,2019-11-01,847,1430
772,2019-07-22,3055,1559
773,2019-12-05,2350,1868
774,2019-09-14,4772,680
775,2020-02-20,1974,2466
776,2020-05-22,1728,2016
777,2019-08-13,1173,47
778,2019-11-24,4201,1214
779,2020-05-11,14,128
780,2020-01-04,3207,1958
781,2020-02-24,1505,2058
782,2020-01-02,169,2147
783,2020-01-07,789,460
784,2019-11-14,571,863
785,2019-08-10,3790,2334
786,2019-08-27,4374,2079
787,2019-07-11,640,1283
788,2019-10-10,3941,1324
789,2020-04-10,3771,744
790,2019-12-05,371,1519
791,2019-10-15,892,13
792,2020-01-22,2175,1840
793,2020-04-11,4022,1309
794,2019-11-07,588,1976
795,2020-04-25,1901,702
796,2019-06-27,1988,2353
797,2019-06-15,387,1045
798,2020-03-09,2933,2338
799,2019-06-24,17,890
800,2019-07-13,3952,1993
801,2020-04-24,2390,9
802,2019-06-14,4522,1811
803,2019-10-27,1130,57
804,2019-10-08,3988,439
805,2020-01-27,3449,673
806,2019-11-10,581,1039
807,2019-08-11,2475,1181
808,2020-02-12,3990,795
809,2019-06-24,3113,628
810,2019-08-10,1266,1340
811,2020-01-11,2711,423
812,2020-03-14,2800,362
813,2020-01-02,621,1741
814,2019-10-16,4741,2194
815,2019-08-25,1324,592
816,2020-01-26,2738,612
817,2019-08-24,4580,407
818,2020-02-21,3099,574
819,2019-06-03,1909,1326
820,2019-11-14,4528,18
821,2020-04-03,1409,1525
822,2019-10-19,1077,1536
823,2019-08-21,2301,1229
824,2019-12-15,1450,1286
825,2020-02-28,2015,1358
826,2020-03-25,2728,122
827,2020-04-15,3930,818
828,2019-09-14,2457,828
829,2019-11-16,2278,1446
830,2019-06-13,4701,2448
831,2020-02-07,1899,474
832,2019-08-29,1985,41
833,2019-09-03,3103,2483
834,2019-07-29,2724,1691
835,2019-08-30,1056,906
836,2020-02-22,2758,494
837,2019-07-26,4479,2183
838,2020-02-07,2152,855
839,2020-01-26,271,225
840,2019-06-27,253,638
841,2019-06-08,641,2034
842,2020-04-19,4542,1276
843,2019-10-30,336,2106
844,2020-01-15,465,1515
845,2019-12-19,3275,2360
846,2020-01-14,564,2221
847,2020-04-05,82,1724
848,2019-08-24,30,2235
849,2019-08-10,2124,1950
850,2019-06-03,209,831
851,2019-11-20,208,559
852,2019-12-12,376,1939
853,2019-08-29,4912,838
854,2019-06-30,3458,618
855,2019-08-11,4003,1362
856,2020-03-01,132,1646
857,2019-08-20,1666,2320
858,2019-10-13,2124,763
859,2020-04-27,1067,1481
860,2020-03-20,3906,2257
861,2019-06-09,2679,1344
862,2020-03-07,3332,2352
863,2019-09-25,1666,939
864,2019-08-07,3324,2045
865,2020-01-16,3467,53
866,2019-07-06,1818,59
867,2020-03-08,494,2307
868,2019-07-19,2923,406
869,2019-07-02,1117,1729
870,2019-11-27,3690,138
871,2019-12-15,4121,1645
872,2020-05-05,338,1030
873,2019-09-11,3148,2178
874,2020-01-28,550,1907
875,2020-01-23,2623,1737
876,2019-05-28,4412,924
877,2019-12-08,2014,472
878,2019-12-08,2925,840
879,2019-11-04,2418,1900
880,2019-08-27,4314,290
881,2020-01-19,2887,919
882,2019-07-04,4012,1208
883,2019-07-12,3702,762
884,2020-03-02,1775,1966
885,2020-01-06,4726,2004
886,2019-08-20,606,584
887,2019-08-26,3830,2007
888,2020-04-11,3815,989
889,2019-11-25,2842,672
890,2019-06-25,807,1046
891,2019-10-15,602,441
892,2019-08-04,367,1819
893,2020-03-04,1105,2177
894,2019-10-01,3640,2000
895,2019-12-08,772,606
896,2020-04-28,446,99
897,2019-07-21,606,204
898,2019-10-05,3643,2330
899,2020-05-24,2483,390
900,2019-09-08,4139,2299
901,2020-03-03,4129,298
902,2019-09-17,80,918
903,2020-02-07,2074,220
904,2019-12-25,3655,1922
905,2020-03-06,3723,2148
906,2020-03-02,2823,2071
907,2020-02-15,2030,1706
908,2020-03-25,1410,2005
909,2020-01-18,2781,1773
910,2019-10-02,1064,1499
911,2019-11-09,2598,896
912,2020-01-17,2815,1493
913,2019-11-08,1007,2251
914,2019-12-25,2399,21
915,2020-05-05,1679,12
916,2019-07-27,2476,652
917,2020-01-19,1095,1585
918,2020-02-29,545,1802
919,2019-12-06,2261,2049
920,2019-09-01,3070,761
921,2020-05-03,4033,1794
922,2019-10-09,4594,926
923,2019-12-03,4049,1905
924,2019-10-05,4548,2104
925,2019-06-29,3365,1880
926,2019-06-28,4220,252
927,2019-11-23,951,1618
928,2019-06-14,3898,701
929,2020-03-07,4763,605
930,2019-10-08,4271,793
931,2019-12-31,3515,774
932,2019-11-17,4084,1895
933,2020-01-13,228,2117
934,2019-08-21,3762,4
935,2020-01-17,803,342
936,2019-06-29,1426,33
937,2019-05-31,3985,1982
938,2019-10-26,176,395
939,2019-08-11,1607,640
940,2020-04-05,4875,756
941,2019-06-22,4908,777
942,2020-03-16,2868,779
943,2019-09-01,4672,119
944,2020-04-19,3908,634
945,2019-08-22,1649,1735
946,2019-07-12,2528,2413
947,2020-02-23,4776,2086
948,2019-09-29,597,615
949,2019-06-03,3031,272
950,2020-01-02,2039,1501
951,2020-02-07,2228,1265
952,2019-07-09,4864,2367
953,2019-11-17,3302,1582
954,2020-05-24,956,1450
955,2019-05-27,846,2238
956,2019-07-11,1118,1810
957,2019-11-19,872,1099
958,2020-01-01,3370,1697
959,2020-03-16,4088,1763
960,2019-12-23,2614,2395
961,2019-12-27,782,750
962,2019-11-19,1104,2468
963,2020-02-21,3186,733
964,2019-11-08,2143,416
965,2019-10-06,4545,1730
966,2020-01-07,327,2226
967,2020-04-02,2807,2333
968,2019-12-02,3830,1141
969,2020-02-05,399,1411
970,2019-08-17,914,1716
971,2020-03-30,2150,2220
972,2020-01-22,3126,1945
973,2020-04-11,3958,2456
974,2019-08-13,4344,1852
975,2019-07-27,2727,796
976,2019-10-01,4689,1795
977,2019-09-14,2807,1665
978,2019-08-04,4495,1783
979,2019-12-02,3936,2180
980,2020-02-21,4040,2489
981,2019-10-04,2608,843
982,2019-10-22,1355,1473
983,2019-06-03,275,922
984,2020-03-16,2645,97
985,2019-12-07,1665,291
986,2019-09-01,4290,2302
987,2019-09-30,1055,520
988,2019-09-30,641,2437
989,2020-05-19,1319,786
990,2019-07-01,4708,1012
991,2020-03-09,4186,473
992,2019-12-03,530,1393
993,2019-11-26,2792,1405
994,2020-02-29,500,1968
995,2019-07-08,2693,1983
996,2019-12-25,3956,170
997,2019-09-26,4309,1986
998,2019-05-27,2173,1127
999,2020-04-13,3669,1329
1000,2019-12-27,1987,489
1001,2020-03-11,2541,2039
1002,2019-07-04,2002,894
1003,2019-07-12,2187,1959
1004,2020-04-08,4626,73
1005,2019-09-22,1062,1777
1006,2019-08-31,3074,67
1007,2020-05-18,378,11
1008,2020-04-17,3046,778
1009,2019-08-19,4542,1020
1010,2019-11-23,182,2236
1011,2020-02-11,4971,1092
1012,2020-02-08,2164,1718
1013,2019-07-23,87,1980
1014,2020-05-20,4688,1978
1015,2019-07-27,1908,1664
1016,2020-04-22,4165,691
1017,2019-07-27,387,1241
1018,2019-05-28,705,212
1019,2019-09-10,4728,2011
1020,2019-08-29,3927,2492
1021,2020-02-03,1115,315
1022,2019-10-09,4308,1139
1023,2019-10-17,3137,1216
1024,2019-09-15,4877,1305
1025,2020-03-05,1105,254
1026,2020-05-16,653,2128
1027,2020-05-06,2011,450
1028,2019-08-20,564,1363
1029,2019-09-18,2462,1080
1030,2019-12-19,2988,1551
1031,2020-01-12,3039,2114
1032,2019-08-07,2424,2064
1033,2019-06-10,1830,1834
1034,2019-09-02,1313,985
1035,2019-12-26,3880,2373
1036,2019-11-10,3603,389
1037,2020-01-12,234,1684
1038,2020-05-03,3375,1471
1039,2019-11-07,2172,1098
1040,2019-06-27,1405,1523
1041,2019-07-26,241,1640
1042,2020-01-12,4596,1637
1043,2019-09-13,2836,546
1044,2020-01-21,1251,1615
1045,2019-11-23,1057,1000
1046,2020-03-26,656,502
1047,2019-08-06,2937,597
1048,2019-11-21,4837,2179
1049,2020-03-12,2243,2037
1050,2020-03-07,33,149
1051,2019-07-18,4655,27
1052,2019-11-23,1234,246
1053,2019-12-17,170,1042
1054,2020-02-23,2078,2369
1055,2019-11-19,871,306
1056,2019-07-11,252,2245
1057,2019-09-09,1069,311
1058,2020-01-26,91,426
1059,2020-01-26,2114,1758
1060,2019-08-22,4882,1349
1061,2019-08-22,397,25
1062,2019-10-12,1754,1987
1063,2020-02-09,893,1318
1064,2019-06-22,4132,1885
1065,2019-11-01,1028,162
1066,2019-05-28,2409,966
1067,2020-04-29,370,2372
1068,2019-07-28,3506,2402
1069,2020-05-01,2433,1116
1070,2019-08-05,1906,1415
1071,2020-05-17,70,965
1072,2020-01-28,4250,920
1073,2020-01-07,4785,1732
1074,2019-08-11,467,846
1075,2019-09-01,1636,1584
1076,2020-03-14,958,601
1077,2019-06-05,2954,682
1078,2020-01-12,2545,2287
1079,2019-09-21,255,642
1080,2019-07-25,3727,522
1081,2019-06-22,2835,2015
1082,2020-02-12,2784,2358
1083,2019-10-01,2058,458
1084,2019-12-20,3756,1734
1085,2019-07-08,2444,1755
1086,2019-11-08,3329,799
1087,2019-12-15,3188,1300
1088,2019-06-08,2284,607
1089,2020-04-04,2811,437
1090,2019-08-07,7,2260
1091,2019-09-27,3602,870
1092,2019-09-30,1365,2383
1093,2020-02-29,583,1007
1094,2019-11-21,426,699
1095,2019-06-19,4422,2204
1096,2019-09-05,825,2340
1097,2019-09-06,2205,281
1098,2019-06-15,4907,1347
1099,2019-11-06,1498,578
1100,2019-06-15,3889,32
1101,2019-11-28,3696,402
1102,2019-12-16,635,1896
1103,2019-11-09,3324,2216
1104,2019-06-22,3791,15
1105,2020-02-14,523,2090
1106,2020-05-07,1578,1784
1107,2019-06-01,3373,1639
1108,2019-07-25,2422,783
1109,2019-11-12,4937,2446
1110,2020-04-19,1641,1043
1111,2020-01-27,4172,422
1112,2019-12-12,4337,1690
1113,2019-12-23,4124,23
1114,2019-09-28,1692,1038
1115,2019-06-15,140,1843
1116,2019-10-09,337,431
1117,2019-06-22,4063,1703
1118,2020-02-26,626,1400
1119,2019-11-27,340,653
1120,2019-07-01,4430,1685
1121,2020-04-18,2917,991
1122,2019-12-21,3151,1165
1123,2019-09-26,88,1015
1124,2020-05-03,3607,2200
1125,2020-05-13,2471,663
1126,2019-09-28,3281,2098
1127,2020-05-23,990,1800
1128,2019-07-01,2469,633
1129,2020-03-16,3035,1871
1130,2019-10-12,2219,757
1131,2019-11-15,410,2363
1132,2019-09-29,578,1009
1133,2019-12-22,167,599
1134,2020-01-05,2180,169
1135,2019-10-04,768,1883
1136,2019-11-12,247,1388
1137,2019-08-29,4596,238
1138,2019-08-08,3181,1937
1139,2019-09-13,4093,1278
1140,2019-09-25,1791,1269
1141,2019-10-26,3576,76
1142,2019-09-29,4309,1088
1143,2020-03-12,4455,768
1144,2019-08-15,3569,1941
1145,2019-06-11,1884,2244
1146,2019-07-25,2055,1612
1147,2019-06-07,4980,1361
1148,2019-09-22,2204,1564
1149,2019-08-30,2868,1456
1150,2020-04-18,540,1250
1151,2020-03-13,2633,741
1152,2019-06-03,814,2270
1153,2020-05-19,3433,656
1154,2020-04-07,840,2280
1155,2019-06-17,3831,2412
1156,2019-07-25,3420,841
1157,2019-10-16,2791,1133
1158,2019-08-30,4470,769
1159,2019-08-21,862,1632
1160,2020-02-06,3551,1856
1161,2019-07-09,4664,958
1162,2020-05-19,2931,534
1163,2020-02-29,776,153
1164,2019-12-23,1229,2048
1165,2020-03-31,2520,235
1166,2020-02-28,31,478
1167,2019-11-16,592,1420
1168,2019-11-26,4447,114
1169,2020-01-15,4798,696
1170,2020-04-04,2098,1010
1171,2019-08-25,3864,2357
1172,2020-05-11,4193,1936
1173,2020-02-28,1048,1110
1174,2019-08-05,1559,781
1175,2019-06-09,4068,2264
1176,2020-01-12,661,1395
1177,2020-04-14,4053,1484
1178,2019-08-02,342,1621
1179,2020-01-10,2333,1606
1180,2019-10-25,4328,837
1181,2020-01-11,2428,2381
1182,2019-11-10,2205,1505
1183,2019-12-13,3028,1169
1184,2019-12-30,1103,475
1185,2019-06-18,3820,167
1186,2019-09-06,1113,909
1187,2020-01-22,3130,1368
1188,2019-07-08,3353,709
1189,2020-02-14,2170,418
1190,2020-02-13,1016,579
1191,2020-04-26,3810,1701
1192,2019-07-01,3719,338
1193,2019-12-16,48,2043
1194,2019-08-11,3511,2430
1195,2019-09-17,4900,916
1196,2020-04-16,748,193
1197,2019-09-21,3428,1762
1198,2020-04-08,4478,234
1199,2020-01-14,2473,624
1200,2020-02-25,3136,325
1201,2020-05-25,2568,1226
1202,2020-03-21,2641,492
1203,2020-01-04,310,203
1204,2020-01-18,839,583
1205,2019-07-17,2122,52
1206,2020-03-10,3361,2349
1207,2019-08-16,2512,850
1208,2019-06-13,1845,1073
1209,2020-04-27,4598,1268
1210,2019-08-02,2719,2311
1211,2019-07-21,3786,1999
1212,2020-03-21,1981,825
1213,2019-07-14,4653,1768
1214,2020-01-06,4768,780
1215,2019-09-10,2967,1310
1216,2019-11-30,3571,1264
1217,2019-08-24,64,2051
1218,2020-05-23,47,2416
1219,2020-03-25,3489,468
1220,2020-04-29,1783,2044
1221,2019-12-12,2919,1018
1222,2019-07-11,4945,586
1223,2019-08-16,2610,348
1224,2019-12-05,4559,725
1225,2019-09-04,209,2355
1226,2019-11-08,4029,2162
1227,2019-11-01,1884,84
1228,2019-12-25,3466,1364
1229,2019-10-02,3405,625
1230,2019-10-14,42,1656
1231,2020-03-04,896,2164
1232,2019-10-19,913,463
1233,2020-02-10,4288,1155
1234,2020-02-15,1597,2439
1235,2020-04-10,4422,826
1236,2020-04-21,2080,61
1237,2019-11-15,3352,789
1238,2020-01-17,53,164
1239,2019-11-05,3483,540
1240,2019-06-12,2772,1336
1241,2019-07-10,4531,1571
1242,2019-10-18,2208,2229
1243,2020-03-30,2518,1838
1244,2020-02-12,769,369
1245,2020-04-25,3493,738
1246,2019-10-30,1090,1416
1247,2019-11-24,328,2099
1248,2020-05-08,4379,280
1249,2020-04-17,4944,609
1250,2020-02-06,1824,2463
1251,2019-06-02,363,1579
1252,2019-06-23,4284,2017
1253,2020-03-03,1304,2241
1254,2020-04-12,1096,1342
1255,2019-05-30,4469,1102
1256,2019-10-22,573,1839
1257,2020-04-12,322,2286
1258,2019-12-12,4969,543
1259,2019-11-16,4964,1041
1260,2019-10-21,3754,2327
1261,2019-10-18,3850,531
1262,2019-12-01,487,814
1263,2019-12-24,1712,1901
1264,2020-01-14,2601,1918
1265,2019-09-14,2811,206
1266,2019-10-18,4658,1846
1267,2020-02-18,791,2497
1268,2019-06-13,2098,1793
1269,2020-01-11,1958,1792
1270,2020-01-27,1402,1213
1271,2020-05-09,4332,85
1272,2020-02-01,2630,202
1273,2019-07-14,4158,928
1274,2019-08-07,2542,785
1275,2020-01-13,4992,1831
1276,2020-03-07,764,1159
1277,2019-10-07,63,1354
1278,2020-05-07,524,131
1279,2020-02-17,326,30
1280,2020-02-21,1803,2385
1281,2019-10-27,4037,2008
1282,2019-08-29,1255,94
1283,2019-07-03,193,1082
1284,2020-03-31,1456,2119
1285,2019-06-14,1151,275
1286,2019-10-22,2339,883
1287,2020-01-03,2142,285
1288,2019-08-04,4743,2154
1289,2020-04-07,2127,1056
1290,2019-07-22,2368,1790
1291,2020-05-10,2522,1189
1292,2019-07-27,3442,14
1293,2019-10-14,693,1799
1294,2019-09-12,2461,853
1295,2019-11-24,620,1323
1296,2019-06-17,536,802
1297,2019-08-12,3902,2243
1298,2019-09-22,615,250
1299,2020-01-15,4416,2347
1300,2019-05-29,1432,2097
1301,2019-08-26,2384,865
1302,2019-07-29,222,452
1303,2020-03-09,3476,1084
1304,2020-02-04,3510,396
1305,2020-03-23,565,2140
1306,2020-05-15,1411,453
1307,2020-01-15,823,1441
1308,2019-08-29,2524,563
1309,2020-05-22,418,925
1310,2019-12-31,1861,1642
1311,2020-05-20,1186,806
1312,2019-10-25,966,2394
1313,2019-09-22,3172,2397
1314,2019-11-19,1571,772
1315,2019-06-25,1824,1126
1316,2020-05-14,101,2227
1317,2019-08-30,4825,1258
1318,2019-10-13,4052,2078
1319,2019-12-25,3188,506
1320,2020-01-30,2531,975
1321,2019-09-26,2006,1739
1322,2020-04-11,44,1281
1323,2019-10-29,2936,1367
1324,2020-05-21,209,1392
1325,2019-10-06,545,1512
1326,2020-04-05,1208,29
1327,2019-10-04,3951,1436
1328,2020-02-11,4389,404
1329,2019-07-27,2540,1662
1330,2020-02-11,3604,1377
1331,2020-04-29,1614,1778
1332,2019-07-16,4325,1033
1333,2019-11-07,3371,1140
1334,2019-07-16,138,36
1335,2019-08-07,1138,388
1336,2019-10-05,2417,616
1337,2019-10-10,2544,82
1338,2020-04-02,1773,1533
1339,2019-09-27,4463,1872
1340,2019-11-30,3238,978
1341,2019-08-19,2600,1003
1342,2019-11-12,1633,1689
1343,2020-03-08,1430,2415
1344,2020-05-12,3135,337
1345,2019-10-30,3509,1686
1346,2019-06-16,1797,1094
1347,2020-01-19,1032,822
1348,2019-08-24,4601,1192
1349,2019-09-08,1502,1331
1350,2020-03-03,140,848
1351,2020-04-17,587,1353
1352,2019-08-09,4307,1215
1353,2020-03-30,1159,1011
1354,2020-05-21,1186,1385
1355,2020-05-20,3221,2454
1356,2019-12-06,2229,2232
1357,2019-09-01,296,1271
1358,2019-08-09,4651,1914
1359,2019-08-18,1690,1674
1360,2019-12-20,1617,303
1361,2019-10-15,856,1535
1362,2020-01-29,3887,1882
1363,2019-09-27,2545,79
1364,2019-08-20,4028,397
1365,2020-01-31,4760,856
1366,2020-04-23,3292,2040
1367,2020-01-31,3789,1379
1368,2020-04-11,3435,1006
1369,2020-04-01,1273,677
1370,2020-01-11,4359,889
1371,2019-07-07,3632,351
1372,2019-09-23,1248,1495
1373,2019-12-12,3484,263
1374,2020-04-07,3577,299
1375,2019-07-18,3626,2063
1376,2019-05-28,4493,1628
1377,2020-05-04,2745,1125
1378,2020-03-16,297,1926
1379,2020-01-02,3077,854
1380,2019-12-30,1518,16
1381,2019-10-22,3400,1702
1382,2020-03-28,2553,2341
1383,2019-07-22,3755,2378
1384,2020-04-21,1181,1614
1385,2019-09-13,4429,2247
1386,2020-05-22,1917,2149
1387,2019-09-23,1127,1013
1388,2019-07-30,2614,1413
1389,2020-03-22,1261,619
1390,2020-05-22,363,2084
1391,2020-04-18,2300,968
1392,2020-03-01,375,1934
1393,2020-03-19,2342,886
1394,2019-07-05,31,1222
1395,2019-09-25,509,2289
1396,2020-05-03,473,911
1397,2019-07-27,4539,328
1398,2019-10-07,2690,1964
1399,2019-08-23,2849,83
1400,2019-09-01,1816,2418
1401,2019-09-10,1840,2405
1402,2020-04-12,4943,1061
1403,2019-07-08,3903,1568
1404,2019-09-22,1999,1255
1405,2020-04-15,2233,2362
1406,2019-07-12,330,2074
1407,2019-06-09,3299,1984
1408,2019-07-18,4385,1924
1409,2019-06-03,3583,1707
1410,2019-11-05,2669,1103
1411,2020-05-14,2142,1333
1412,2019-12-04,2233,2255
1413,2020-01-18,4679,2031
1414,2019-05-30,3251,288
1415,2019-08-04,4834,95
1416,2019-12-17,3952,721
1417,2020-02-07,3064,1544
1418,2020-04-25,4086,1457
1419,2019-11-20,543,1715
1420,2019-10-22,714,1578
1421,2020-03-13,1901,368
1422,2020-02-21,801,1444
1423,2019-12-22,3703,685
1424,2020-01-14,4582,449
1425,2019-12-20,3879,973
1426,2019-11-09,1490,1128
1427,2019-09-06,3764,513
1428,2020-02-07,1468,1338
1429,2020-03-17,2777,565
1430,2019-11-11,2243,1769
1431,2019-11-22,1314,755
1432,2019-10-31,880,2351
1433,2020-01-14,1949,380
1434,2019-07-19,1585,1186
1435,2019-08-07,243,2134
1436,2020-03-26,4563,229
1437,2019-09-23,4667,1201
1438,2019-09-22,1831,2055
1439,2019-09-19,2594,482
1440,2020-03-29,3662,1394
1441,2019-11-30,302,658
1442,2020-03-04,4820,2002
1443,2020-05-10,1621,1075
1444,2019-09-17,3623,222
1445,2019-09-16,3972,876
1446,2019-09-08,1685,2013
1447,2019-11-05,4657,1931
1448,2020-01-21,3210,764
1449,2019-11-22,2681,323
1450,2019-11-27,3810,861
1451,2020-02-12,3753,443
1452,2020-04-09,168,873
1453,2019-10-02,1504,674
1454,2020-01-18,4541,1270
1455,2019-07-11,2185,790
1456,2019-11-16,217,476
1457,2019-10-21,2970,862
1458,2020-02-14,3454,1751
1459,2020-01-25,3182,1681
1460,2020-05-06,439,2344
1461,2019-11-17,1067,1029
1462,2019-08-09,3329,1963
1463,2020-04-09,2404,2328
1464,2019-12-23,3203,70
1465,2019-08-29,1725,864
1466,2020-02-05,140,2095
1467,2019-08-30,2475,2053
1468,2019-09-10,3010,1537
1469,2020-01-25,4529,2393
1470,2020-02-04,2135,1638
1471,2019-08-30,739,2202
1472,2019-06-13,3906,539
1473,2019-12-01,4968,1134
1474,2019-08-06,1424,22
1475,2020-04-25,502,577
1476,2019-06-06,387,1647
1477,2019-12-07,4798,2457
1478,2019-11-17,4736,1804
1479,2020-04-27,4707,1407
1480,2019-06-09,4568,1576
1481,2019-06-06,4174,10
1482,2020-01-30,1548,842
1483,2019-11-16,3245,2399
1484,2019-06-24,2569,1917
1485,2020-05-22,2171,1195
1486,2019-07-16,4688,690
1487,2019-09-20,2553,320
1488,2020-02-14,1074,1765
1489,2019-11-05,4898,527
1490,2019-11-24,4520,448
1491,2020-02-21,3127,261
1492,2020-01-16,4497,305
1493,2019-07-29,329,1410
1494,2019-08-27,2689,1676
1495,2020-02-22,2469,1989
1496,2020-02-28,2319,1619
1497,2020-01-19,2621,209
1498,2019-07-28,3130,631
1499,2019-10-16,3682,904
1500,2020-01-25,1030,425
1501,2019-10-09,1890,1807
1502,2019-11-22,1613,2421
1503,2020-04-26,4140,223
1504,2020-04-08,3220,629
1505,2019-11-10,1080,930
1506,2020-05-07,3208,1670
1507,2020-02-17,4234,1376
1508,2019-10-08,1786,1879
1509,2019-08-15,1766,1438
1510,2019-11-04,1479,2129
1511,2019-08-30,1981,1861
1512,2019-11-25,3055,1117
1513,2020-02-06,1312,1249
1514,2019-08-10,371,2077
1515,2020-03-17,2846,933
1516,2020-03-09,3028,1566
1517,2019-12-08,2176,1372
1518,2019-11-07,944,2199
1519,2019-09-25,4783,2451
1520,2019-06-10,1211,1120
1521,2020-03-11,3725,312
1522,2020-05-17,4645,123
1523,2020-05-19,1523,1862
1524,2019-10-23,4063,269
1525,2019-12-11,1834,2366
1526,2019-10-19,4676,2136
1527,2019-10-16,4539,2343
1528,2019-07-14,2244,2118
1529,2019-05-31,3045,332
1530,2019-11-25,2025,346
1531,2020-04-26,2479,1723
1532,2019-10-26,2598,352
1533,2019-08-26,4110,1513
1534,2019-07-29,3766,2414
1535,2019-11-07,4482,2271
1536,2019-11-19,4,2431
1537,2020-03-02,4581,644
1538,2019-11-08,3599,1435
1539,2020-02-06,4543,1025
1540,2020-05-25,4890,194
1541,2020-02-04,3008,817
1542,2019-06-27,3662,1138
1543,2020-04-08,4749,1180
1544,2019-11-06,1715,1114
1545,2019-11-29,2547,1541
1546,2019-10-24,4548,2146
1547,2019-08-22,4702,1387
1548,2020-02-05,2599,322
1549,2019-09-11,4429,1825
1550,2019-08-15,124,1200
1551,2020-02-08,4408,2409
1552,2019-10-08,788,2391
1553,2019-08-29,4779,2024
1554,2019-11-29,524,608
1555,2019-06-11,1324,1065
1556,2019-08-20,3557,717
1557,2019-10-18,715,1820
1558,2019-09-29,3820,1635
1559,2019-09-17,3147,627
1560,2019-08-06,4605,1143
1561,2020-04-22,3502,1290
1562,2020-03-05,427,1036
1563,2019-11-14,4081,1448
1564,2019-08-13,2473,2493
1565,2020-01-27,3297,2464
1566,2020-05-14,2589,51
1567,2020-01-30,3007,1603
1568,2020-01-30,1953,528
1569,2019-07-03,2347,2290
1570,2019-07-30,1943,1969
1571,2019-09-03,4188,2324
1572,2019-06-11,4342,181
1573,2019-11-12,1390,1158
1574,2019-08-20,4094,112
1575,2019-07-09,3444,2059
1576,2019-07-12,2059,519
1577,2019-06-12,476,1024
1578,2020-01-13,201,430
1579,2019-08-26,757,2382
1580,2020-04-06,9,2253
1581,2020-01-15,3195,1487
1582,2019-08-20,3358,910
1583,2019-10-13,3054,1221
1584,2020-05-12,701,771
1585,2019-06-24,1084,2019
1586,2019-11-11,4924,797
1587,2019-06-29,3094,2428
1588,2019-07-11,2955,2256
1589,2019-08-22,209,992
1590,2020-04-04,1977,1048
1591,2020-02-28,1276,266
1592,2020-05-04,144,1027
1593,2020-01-02,2324,706
1594,2019-08-18,1531,1209
1595,2020-02-11,2129,1166
1596,2020-02-29,4199,1760
1597,2019-09-22,4545,2132
1598,2019-06-26,2182,1406
1599,2019-11-10,4051,270
1600,2019-06-20,603,788
1601,2019-09-11,950,639
1602,2019-09-24,2060,173
1603,2019-12-10,2195,936
1604,2019-07-08,2605,1780
1605,2019-07-11,747,465
1606,2020-04-26,1075,313
1607,2020-04-07,2646,1594
1608,2019-08-06,2502,1184
1609,2020-02-05,2523,1130
1610,2019-10-18,568,464
1611,2020-04-19,439,1888
1612,2019-08-15,1557,1634
1613,2019-10-28,3723,1890
1614,2020-04-03,2594,1671
1615,2019-09-21,3160,2187
1616,2019-12-10,4053,2009
1617,2020-03-02,908,2091
1618,2020-05-11,2736,1599
1619,2020-01-10,3848,2293
1620,2019-10-21,912,1682
1621,2019-12-13,4633,558
1622,2019-09-21,136,1219
1623,2020-05-14,3459,743
1624,2019-12-24,898,1475
1625,2020-02-24,49,2487
1626,2020-04-27,3248,2181
1627,2019-12-17,3926,1223
1628,2019-08-12,3754,932
1629,2019-09-23,4297,182
1630,2019-12-08,2480,2111
1631,2020-04-12,1336,2214
1632,2020-01-20,603,2165
1633,2020-03-05,4802,2479
1634,2019-10-24,918,413
1635,2020-05-10,730,967
1636,2020-04-17,2943,2470
1637,2019-08-11,351,1875
1638,2019-11-01,3768,180
1639,2019-07-29,729,1322
1640,2020-03-21,1292,1350
1641,2019-08-06,760,1717
1642,2019-09-23,917,24
1643,2020-04-05,2307,2166
1644,2019-12-08,4464,1383
1645,2019-06-30,2238,2471
1646,2019-08-24,97,1384
1647,2020-03-27,243,2447
1648,2019-07-21,1583,480
1649,2020-02-13,350,2371
1650,2019-06-02,1856,2121
1651,2020-02-17,3609,1749
1652,2019-07-24,1821,867
1653,2019-11-15,751,2374
1654,2020-03-01,1642,923
1655,2019-11-28,1988,249
1656,2019-12-06,1576,90
1657,2019-09-04,4098,621
1658,2020-04-28,2538,1545
1659,2019-11-19,4698,2120
1660,2019-10-21,2253,1439
1661,2020-02-09,1573,479
1662,2019-10-09,571,2329
1663,2019-11-30,2685,2062
1664,2020-03-20,4651,1352
1665,2020-05-24,2911,1531
1666,2019-12-01,2212,661
1667,2019-09-20,2628,2276
1668,2020-04-26,3053,399
1669,2020-01-18,303,1520
1670,2020-03-31,3813,216
1671,2019-06-25,2317,1916
1672,2019-10-29,818,1727
1673,2020-03-21,3958,392
1674,2019-12-17,272,971
1675,2019-11-25,2028,587
1676,2020-03-29,1637,1253
1677,2019-08-07,2070,2472
1678,2019-11-30,4437,1389
1679,2019-06-12,1280,1142
1680,2020-02-08,4772,190
1681,2019-12-06,4437,309
1682,2020-01-26,411,1849
1683,2019-11-14,634,1077
1684,2020-03-12,3703,125
1685,2020-05-04,2168,1059
1686,2020-01-18,3391,1680
1687,2019-12-24,1316,140
1688,2019-09-08,3575,1955
1689,2019-06-06,64,1728
1690,2020-02-28,580,2094
1691,2020-04-30,3044,2460
1692,2019-05-27,1830,1275
1693,2019-10-27,1922,1973
1694,2019-07-11,3185,1772
1695,2019-10-28,1914,366
1696,2020-04-20,720,377
1697,2019-09-02,394,885
1698,2019-06-15,4462,2435
1699,2019-11-01,1549,1129
1700,2019-07-04,2873,2127
1701,2019-07-12,3050,1935
1702,2020-02-14,2543,154
1703,2019-06-22,4164,722
1704,2019-12-10,3009,2193
1705,2019-07-01,831,1678
1706,2019-08-10,3807,694
1707,2019-10-25,2782,2365
1708,2020-01-19,3420,503
1709,2019-11-26,2905,2495
1710,2020-03-18,1365,1583
1711,2019-09-25,2934,881
1712,2019-07-03,3571,1366
1713,2020-02-16,1225,1806
1714,2020-02-21,3612,944
1715,2020-03-30,1056,2458
1716,2020-01-29,1349,2488
1717,2020-04-12,1501,2445
1718,2019-12-18,827,667
1719,2019-06-25,4722,107
1720,2020-02-21,1640,1827
1721,2020-03-05,3918,1902
1722,2019-11-22,1795,1625
1723,2019-09-06,1309,766
1724,2020-02-19,1410,1813
1725,2019-09-29,2370,1423
1726,2020-02-15,4738,1179
1727,2020-05-02,408,264
1728,2019-07-19,4559,1360
1729,2019-08-27,4000,979
1730,2019-11-30,3875,693
1731,2019-09-15,4503,2168
1732,2020-04-29,4661,977
1733,2019-09-14,3695,1830
1734,2019-11-19,1626,184
1735,2019-12-10,793,77
1736,2019-08-21,3287,2317
1737,2019-11-21,1450,384
1738,2019-08-10,4776,106
1739,2019-11-10,414,623
1740,2019-12-19,3420,1122
1741,2020-04-06,3427,824
1742,2019-09-22,3567,937
1743,2019-09-26,2918,1972
1744,2019-12-10,3338,304
1745,2020-01-27,994,2219
1746,2020-05-18,2159,1957
1747,2019-12-07,2118,1573
1748,2019-10-01,2980,244
1749,2020-04-30,4712,1721
1750,2019-08-18,2612,542
1751,2019-10-31,2889,2254
1752,2020-03-14,4949,535
1753,2019-10-06,1963,1163
1754,2019-12-28,397,2206
1755,2019-11-03,4583,1390
1756,2020-04-18,405,1636
1757,2019-10-26,3615,1210
1758,2020-04-21,1461,415
1759,2019-07-27,2357,598
1760,2019-10-19,4130,258
1761,2020-03-18,1993,662
1762,2019-12-02,2297,692
1763,2019-09-20,2695,2124
1764,2019-07-24,3416,1378
1765,2019-06-22,1165,564
1766,2020-01-09,928,1988
1767,2019-07-15,4275,921
1768,2020-04-30,387,2342
1769,2020-04-22,1328,2379
1770,2019-10-14,4469,444
1771,2020-02-09,4361,2067
1772,2020-04-25,2676,200
1773,2019-07-12,4824,118
1774,2019-08-02,2981,1071
1775,2020-01-14,2493,1175
1776,2020-04-05,2694,347
1777,2019-12-14,1546,2069
1778,2020-04-28,4123,1391
1779,2019-10-03,657,1847
1780,2019-11-25,1652,1401
1781,2019-06-14,4338,1282
1782,2020-02-15,430,168
1783,2020-05-25,4665,2388
1784,2020-04-07,1325,1687
1785,2019-12-02,4569,2163
1786,2019-12-05,1266,2490
1787,2019-08-28,756,1248
1788,2020-03-26,2039,1112
1789,2019-08-16,4482,724
1790,2020-03-26,740,580
1791,2020-04-21,2865,1067
1792,2019-09-13,3097,596
1793,2020-02-03,3880,2160
1794,2019-06-26,4954,2267
1795,2019-07-18,4704,481
1796,2019-12-12,2043,2092
1797,2020-04-29,4498,1745
1798,2020-04-03,2506,554
1799,2019-07-30,3446,321
1800,2020-02-08,4745,1797
1801,2019-11-18,3639,1154
1802,2020-03-08,123,852
1803,2019-12-17,340,1633
1804,2019-11-23,552,2209
1805,2019-06-07,1387,980
1806,2019-10-25,4750,2350
1807,2019-12-01,2559,1911
1808,2019-11-23,1609,1927
1809,2019-11-14,2325,2406
1810,2019-06-16,2824,1613
1811,2019-11-01,4186,302
1812,2019-12-04,3030,327
1813,2019-12-08,1452,782
1814,2019-06-10,2321,877
1815,2019-07-28,2176,1565
1816,2019-11-05,2328,2047
1817,2019-11-30,745,1277
1818,2019-10-26,4531,1263
1819,2019-07-06,3914,2046
1820,2020-01-25,4167,2274
1821,2019-08-03,156,505
1822,2020-01-07,2291,1454
1823,2019-06-10,2678,1091
1824,2019-12-30,2220,1854
1825,2019-08-18,3480,2144
1826,2019-09-07,3014,2321
1827,2020-05-09,4520,273
1828,2019-09-26,414,340
1829,2019-10-29,2097,650
1830,2019-11-04,1168,649
1831,2020-04-28,1991,643
1832,2019-09-25,4101,1507
1833,2019-06-07,1710,2400
1834,2019-10-02,2028,265
1835,2019-11-30,1979,1176
1836,2019-11-05,1146,394
1837,2019-10-29,3282,127
1838,2019-11-05,2988,1540
1839,2020-05-05,3125,2174
1840,2020-04-21,1675,1295
1841,2019-08-25,1892,1925
1842,2020-02-10,2082,1327
1843,2019-12-07,690,812
1844,2020-04-01,142,1151
1845,2019-06-24,4743,963
1846,2019-08-19,227,2296
1847,2019-08-07,4840,251
1848,2019-06-16,4648,708
1849,2019-09-04,4913,994
1850,2020-03-01,1685,2218
1851,2019-10-03,4746,19
1852,2019-11-09,4578,1789
1853,2019-09-05,2666,907
1854,2019-07-18,2991,185
1855,2020-02-08,3027,995
1856,2019-07-04,2904,339
1857,2019-06-16,2480,1173
1858,2020-02-03,3915,1974
1859,2019-09-16,2655,1023
1860,2019-12-06,614,1808
1861,2019-12-24,275,836
1862,2019-05-31,4779,2300
1863,2019-06-09,3747,1328
1864,2020-04-25,3667,803
1865,2019-07-31,2595,2026
1866,2019-09-18,3238,1311
1867,2019-12-22,3433,86
1868,2020-01-15,3906,117
1869,2019-11-10,3982,1485
1870,2019-12-14,2123,1298
1871,2019-08-05,3967,1272
1872,2020-01-12,2369,569
1873,2019-06-08,2913,1288
1874,2020-04-27,4892,334
1875,2020-04-06,1792,341
1876,2019-09-06,2041,1829
1877,2019-11-27,3849,491
1878,2019-08-12,3036,1511
1879,2020-03-07,3059,1234
1880,2020-04-26,237,1774
1881,2020-01-18,227,1869
1882,2019-09-09,1232,927
1883,2020-05-22,687,2348
1884,2019-12-18,3570,1821
1885,2019-09-15,3998,113
1886,2020-04-10,2829,675
1887,2019-10-22,3921,1320
1888,2019-06-19,720,1590
1889,2019-10-23,3810,1196
1890,2019-07-07,929,256
1891,2019-11-23,3454,150
1892,2020-03-19,536,1833
1893,2020-03-13,3971,1787
1894,2019-09-17,1308,726
1895,2020-02-17,1386,1124
1896,2019-06-18,3375,1191
1897,2019-12-12,54,1643
1898,2020-01-20,3808,1468
1899,2019-06-02,2817,2073
1900,2019-11-16,3776,410
1901,2019-09-23,964,517
1902,2020-02-09,4313,1836
1903,2020-04-06,4072,436
1904,2019-06-26,130,2001
1905,2019-08-02,2882,753
1906,2020-01-14,1132,1146
1907,2020-04-10,2480,459
1908,2019-10-27,2530,2316
1909,2019-10-22,4683,1113
1910,2020-03-02,1857,350
1911,2020-04-27,4948,6
1912,2020-02-02,1056,2036
1913,2020-04-06,1701,126
1914,2019-10-29,1461,1560
1915,2020-01-17,1170,1017
1916,2019-06-09,730,1488
1917,2019-09-21,4965,1908
1918,2019-06-21,1230,1710
1919,2019-09-29,4926,1942
1920,2019-09-02,3136,1663
1921,2019-09-04,4150,1850
1922,2019-07-19,4708,172
1923,2019-08-04,1027,130
1924,2020-05-18,3564,2265
1925,2019-10-26,3745,2207
1926,2020-03-10,524,179
1927,2020-01-29,3905,1482
1928,2019-06-28,909,684
1929,2020-05-12,1084,1549
1930,2019-09-25,4313,1153
1931,2020-01-08,1531,560
1932,2020-05-19,699,829
1933,2020-02-18,1182,2411
1934,2020-04-06,1100,1554
1935,2020-05-02,2158,2083
1936,2020-01-10,1627,914
1937,2020-01-10,304,641
1938,2019-10-21,1732,1262
1939,2020-05-17,490,1713
1940,2019-08-08,1786,1445
1941,2019-07-28,271,467
1942,2019-10-30,1,2068
1943,2020-01-17,4085,353
1944,2020-03-03,3824,1630
1945,2019-09-19,3157,1528
1946,2020-01-26,934,62
1947,2019-11-22,1916,941
1948,2019-12-26,1838,666
1949,2019-06-24,4518,1779
1950,2020-03-29,2641,100
1951,2019-11-04,3424,736
1952,2020-04-26,2142,1442
1953,2019-06-28,3758,214
1954,2019-12-22,3008,1529
1955,2019-08-03,4062,103
1956,2019-12-12,4985,1592
1957,2019-06-19,4236,71
1958,2019-10-27,1980,420
1959,2019-06-03,427,45
1960,2019-10-19,3365,5
1961,2019-11-03,2994,1609
1962,2019-07-20,4504,1667
1963,2020-05-22,2303,2314
1964,2019-11-26,2643,287
1965,2019-12-22,3885,1943
1966,2020-01-18,2321,2231
1967,2020-02-25,3434,2298
1968,2019-12-07,3583,1459
1969,2019-11-30,2,2294
1970,2019-09-11,376,39
1971,2019-10-05,1388,2295
1972,2020-01-21,4782,1954
1973,2019-09-11,2196,1809
1974,2019-11-07,2097,411
1975,2020-04-01,1526,1767
1976,2019-10-03,1526,1818
1977,2019-12-28,3668,1476
1978,2020-01-12,3978,1658
1979,2020-02-22,2368,393
1980,2019-05-27,4519,319
1981,2019-07-25,3339,1971
1982,2020-01-31,231,294
1983,2020-01-02,2829,1688
1984,2019-09-07,322,613
1985,2019-08-26,1845,156
1986,2019-08-30,1126,1168
1987,2019-08-24,3712,55
1988,2019-07-02,4500,1204
1989,2019-11-04,186,1651
1990,2019-10-04,109,2112
1991,2020-03-28,4744,1997
1992,2020-03-03,4146,1761
1993,2019-06-01,132,1058
1994,2019-12-30,1333,2028
1995,2020-04-14,1448,2404
1996,2019-09-28,4149,1404
1997,2019-10-09,2608,859
1998,2019-08-29,3314,1291
1999,2019-06-28,199,345
2000,2019-11-21,3996,2368
2001,2019-06-17,3805,982
2002,2019-08-14,1870,746
2003,2019-10-01,622,2018
2004,2019-10-11,2057,2469
2005,2019-08-10,978,1090
2006,2019-12-04,180,730
2007,2019-12-24,514,1239
2008,2019-07-17,4036,2035
2009,2019-08-21,861,2157
2010,2019-09-18,1256,1147
2011,2020-05-14,4138,2014
2012,2019-07-06,3379,2242
2013,2019-12-18,1357,120
2014,2019-09-22,931,823
2015,2020-02-13,4359,1995
2016,2020-04-06,3392,373
2017,2020-03-10,4455,1477
2018,2020-04-10,932,2222
2019,2020-02-14,1481,1218
2020,2019-08-05,1013,969
2021,2019-10-07,1989,1419
2022,2019-08-18,4792,847
2023,2019-08-09,508,594
2024,2019-06-17,4400,986
2025,2019-07-19,2187,2212
2026,2020-04-21,84,1068
2027,2019-06-27,3086,355
2028,2019-05-30,4977,1156
2029,2019-11-29,541,2141
2030,2019-12-29,2769,953
2031,2019-10-06,639,2246
2032,2020-02-01,1336,2319
2033,2020-04-27,4856,835
2034,2019-10-03,807,511
2035,2019-12-14,1452,2025
2036,2019-10-15,593,1873
2037,2019-07-21,1947,686
2038,2019-08-14,4710,96
2039,2020-03-25,244,2315
2040,2020-02-14,125,1086
2041,2019-10-22,3388,635
2042,2020-03-14,1937,247
2043,2019-06-25,2817,2
2044,2019-12-05,4186,375
2045,2020-04-25,2864,237
2046,2019-06-14,2760,1123
2047,2019-06-07,4185,1835
2048,2020-03-17,2429,1627
2049,2020-01-06,2984,572
2050,2020-04-13,878,897
2051,2020-02-11,3461,1648
2052,2019-07-14,4606,268
2053,2020-02-28,367,364
2054,2019-12-21,764,1072
2055,2020-05-09,2658,2087
2056,2020-03-18,329,2050
2057,2019-10-23,3375,326
2058,2020-01-03,3599,1752
2059,2020-04-30,2342,1303
2060,2019-12-28,3165,1480
2061,2020-03-09,3207,2441
2062,2019-11-27,1785,1474
2063,2020-01-03,4055,136
2064,2019-06-27,183,2184
2065,2020-02-22,2539,2070
2066,2019-10-20,3629,255
2067,2020-02-17,1785,532
2068,2020-02-21,2954,1284
2069,2019-06-04,874,1087
2070,2020-02-11,1836,383
2071,2019-11-14,1419,1695
2072,2019-08-24,217,1414
2073,2020-01-16,631,620
2074,2020-04-29,41,2297
2075,2019-06-30,2634,1157
2076,2019-12-02,121,600
2077,2019-07-13,3863,1932
2078,2019-08-08,1321,1252
2079,2019-10-21,3662,541
2080,2020-03-22,2450,1764
2081,2019-12-03,2723,1561
2082,2019-11-11,1727,1466
2083,2020-04-25,582,830
2084,2019-08-20,2433,2101
2085,2019-07-18,1441,949
2086,2019-08-09,2003,1467
2087,2019-09-29,3173,1913
2088,2019-06-10,3730,2361
2089,2020-05-25,4680,1555
2090,2019-07-03,322,1600
2091,2020-05-05,1331,470
2092,2019-09-15,829,1743
2093,2019-11-22,1085,2452
2094,2020-02-03,4426,765
2095,2019-10-19,20,1315
2096,2020-02-18,3763,2161
2097,2019-08-25,2749,683
2098,2020-01-04,727,1051
2099,2019-09-15,3632,1796
2100,2019-08-01,3439,1063
2101,2019-06-10,3720,573
2102,2020-01-04,4824,1325
2103,2019-08-30,3790,1289
2104,2020-04-07,2660,1575
2105,2019-06-12,1422,1570
2106,2019-09-27,4012,1538
2107,2020-04-08,1075,2172
2108,2020-02-07,4715,1679
2109,2019-12-26,2999,538
2110,2019-07-22,3279,1771
2111,2019-07-27,4867,646
2112,2019-06-06,4060,2346
2113,2019-12-30,4740,1912
2114,2020-01-08,70,798
2115,2020-01-15,2843,1746
2116,2019-10-20,3437,207
2117,2020-05-01,3890,1149
2118,2020-01-16,1174,1719
2119,2020-05-25,4146,1408
2120,2019-10-31,2316,108
2121,2019-06-23,3866,998
2122,2019-10-03,2167,1506
2123,2019-06-30,3203,483
2124,2020-05-21,2551,2420
2125,2019-06-30,3873,874
2126,2019-08-04,2585,1866
2127,2019-11-10,4955,2155
2128,2020-03-14,1809,1532
2129,2019-06-10,4394,143
2130,2020-02-04,2903,1677
2131,2020-03-15,2573,2455
2132,2019-10-02,4441,183
2133,2019-06-25,4892,198
2134,2020-04-14,1066,101
2135,2020-01-13,1309,239
2136,2020-02-05,137,1801
2137,2019-07-10,2208,2473
2138,2019-07-16,4969,2145
2139,2019-10-18,4063,1624
2140,2020-02-01,3546,87
2141,2020-03-12,3985,1052
2142,2019-05-29,580,115
2143,2019-12-24,4698,1859
2144,2019-06-03,3381,1287
2145,2019-10-08,4296,336
2146,2019-09-29,1997,2133
2147,2020-05-07,4886,2423
2148,2019-08-25,4138,1172
2149,2019-10-18,2127,217
2150,2020-04-25,1019,219
2151,2020-04-19,1733,1429
2152,2020-02-23,3691,972
2153,2019-12-09,492,1447
2154,2019-10-22,365,2277
2155,2019-11-28,3463,1359
2156,2020-05-01,3346,243
2157,2019-06-20,1728,116
2158,2020-05-15,2237,866
2159,2020-03-09,4255,271
2160,2020-05-06,505,882
2161,2019-08-28,184,1257
2162,2019-08-28,4329,892
2163,2019-09-05,294,1668
2164,2020-02-26,889,647
2165,2019-11-25,3098,1231
2166,2020-02-19,679,1220
2167,2020-04-05,4452,1053
2168,2019-08-22,716,723
2169,2019-09-19,2483,961
2170,2019-10-26,2177,2188
2171,2020-03-01,4566,49
2172,2019-09-22,2019,7
2173,2019-09-27,4966,2110
2174,2019-07-10,2542,585
2175,2019-10-28,3409,1314
2176,2020-02-16,3711,1217
2177,2020-01-18,1698,518
2178,2019-09-02,4208,230
2179,2020-03-16,844,2248
2180,2020-01-12,4692,34
2181,2019-10-31,4352,2273
2182,2019-10-03,1611,1365
2183,2019-11-30,1797,2474
2184,2019-07-16,2821,231
2185,2019-08-06,1413,1373
2186,2020-03-03,1002,1552
2187,2020-03-10,107,471
2188,2019-07-23,4904,2259
2189,2020-02-06,561,1672
2190,2020-03-21,4526,65
2191,2019-07-29,1680,1054
2192,2020-02-13,4170,636
2193,2020-05-06,3662,1828
2194,2019-11-15,274,1776
2195,2019-12-19,4125,1557
2196,2019-08-20,1553,811
2197,2020-03-28,3654,1001
2198,2019-06-01,4324,2304
2199,2020-01-28,1288,751
2200,2019-11-02,596,664
2201,2019-08-20,1144,2175
2202,2020-01-02,533,948
2203,2020-04-30,2463,1026
2204,2020-02-08,3069,64
2205,2020-04-11,581,589
2206,2019-07-24,3385,1979
2207,2019-07-16,2094,1069
2208,2020-04-24,212,1881
2209,2019-09-22,4086,504
2210,2019-11-11,776,1574
2211,2019-08-30,4408,455
2212,2019-11-26,4855,1101
2213,2019-10-07,1576,451
2214,2019-08-24,949,2122
2215,2019-08-20,545,442
2216,2019-09-09,632,602
2217,2020-04-22,3843,1337
2218,2020-02-12,3738,2318
2219,2019-07-11,4697,1005
2220,2020-04-12,2509,278
2221,2019-11-12,2562,2387
2222,2020-02-25,724,2137
2223,2020-03-07,2794,581
2224,2020-03-02,1733,2478
2225,2019-07-10,2658,1227
2226,2019-09-16,1714,1798
2227,2020-02-07,1549,1503
2228,2020-01-12,2126,178
2229,2020-05-22,1327,1562
2230,2020-01-16,1171,1649
2231,2019-12-04,1668,240
2232,2020-03-10,1854,955
2233,2019-08-16,344,1455
2234,2019-07-17,3254,1399
2235,2020-02-16,122,1066
2236,2020-04-03,335,1605
2237,2020-02-05,3292,1815
2238,2020-02-21,1245,875
2239,2020-03-01,1617,2169
2240,2020-05-13,33,993
2241,2019-10-26,2718,943
2242,2020-01-21,2341,1431
2243,2020-03-01,88,2189
2244,2019-08-11,2125,1148
2245,2019-12-11,3999,732
2246,2019-07-19,437,2143
2247,2020-01-23,1030,1903
2248,2019-11-03,697,1190
2249,2020-03-11,378,1380
2250,2019-11-10,2666,1616
2251,2019-07-03,4581,2138
2252,2020-02-12,4826,2196
2253,2019-11-11,2596,2268
2254,2019-11-26,4519,1115
2255,2020-05-23,1999,1708
2256,2020-02-01,2878,888
2257,2020-03-07,3507,201
2258,2019-10-28,2890,1527
2259,2020-04-28,283,199
2260,2019-10-29,1604,2426
2261,2019-10-25,4787,902
2262,2019-12-18,3088,776
2263,2019-12-29,1463,2198
2264,2020-01-06,1656,509
2265,2019-11-26,4564,821
2266,2019-10-16,3226,556
2267,2020-03-10,2936,1341
2268,2020-02-16,2838,515
2269,2020-03-29,1415,54
2270,2020-03-04,4569,50
2271,2020-04-11,3547,210
2272,2020-03-10,4422,1044
2273,2019-07-25,98,2279
2274,2020-01-24,926,63
2275,2019-12-05,4355,1930
2276,2019-08-16,1683,1509
2277,2020-04-08,278,134
2278,2019-10-08,2511,588
2279,2019-07-16,2109,2081
2280,2019-11-12,2293,752
2281,2019-09-16,3701,947
2282,2019-06-22,1203,74
2283,2020-01-03,2449,1782
2284,2019-12-25,4761,1371
2285,2020-03-17,3110,551
2286,2019-09-02,320,698
2287,2019-11-09,1256,1641
2288,2020-01-19,1227,2093
2289,2019-06-25,1257,1228
2290,2019-12-17,3254,1205
2291,2020-01-04,533,495
2292,2019-07-05,1484,493
2293,2020-02-02,4632,1720
2294,2019-12-09,2349,2262
2295,2020-04-05,2816,276
2296,2020-04-24,165,2261
2297,2020-03-20,4435,132
2298,2019-06-23,2284,1285
2299,2020-01-11,2569,2417
2300,2019-09-03,4846,2123
2301,2019-09-14,99,145
2302,2019-10-28,2914,1212
2303,2020-04-25,219,1851
2304,2019-07-05,3025,378
2305,2020-01-28,4947,139
2306,2019-11-30,2194,611
2307,2019-08-12,1644,2292
2308,2020-05-24,4718,1563
2309,2020-03-21,2204,2130
2310,2019-07-15,4151,175
2311,2019-06-05,648,1848
2312,2019-10-04,806,1443
2313,2020-03-03,4185,141
2314,2019-11-26,1940,1712
2315,2019-08-13,2669,1757
2316,2020-04-21,1574,1817
2317,2020-01-15,2636,78
2318,2019-12-28,2598,91
2319,2019-08-11,330,307
2320,2019-12-19,3105,1047
2321,2019-07-11,233,301
2322,2020-02-27,2439,2282
2323,2019-10-16,3793,2336
2324,2019-12-25,2348,1021
2325,2020-03-21,3002,28
2326,2019-06-24,2785,1478
2327,2019-10-12,1470,1428
2328,2019-08-04,676,2285
2329,2019-12-24,1743,267
2330,2019-08-31,4778,1865
2331,2019-11-28,3892,1823
2332,2019-06-01,820,705
2333,2019-11-06,200,1469
2334,2019-10-08,2443,2023
2335,2020-02-19,2061,2237
2336,2019-10-06,3480,151
2337,2019-08-24,22,1182
2338,2019-07-23,2825,2419
2339,2019-10-09,260,805
2340,2020-04-08,731,224
2341,2020-05-01,1640,1878
2342,2019-07-08,4149,434
2343,2019-09-26,3543,1933
2344,2019-12-06,4498,1608
2345,2020-05-23,645,1316
2346,2019-07-04,1840,2339
2347,2019-10-21,4202,2088
2348,2019-07-21,1906,670
2349,2020-05-06,8,1754
2350,2019-10-24,1715,942
2351,2019-12-03,816,1894
2352,2019-09-20,2025,934
2353,2020-04-12,3638,1032
2354,2019-08-14,3826,759
2355,2020-05-25,2710,2012
2356,2019-08-19,519,800
2357,2020-02-26,1781,2020
2358,2019-10-07,2041,1824
2359,2019-08-21,2206,1294
2360,2019-12-23,964,2429
2361,2020-04-27,1878,1308
2362,2020-01-15,4400,1070
2363,2019-06-14,4943,1556
2364,2019-07-15,3640,2486
2365,2020-03-01,4810,1870
2366,2019-06-16,2321,2482
2367,2019-06-07,1449,935
2368,2020-03-24,388,1251
2369,2020-05-15,2071,1237
2370,2020-03-01,204,524
2371,2019-12-25,923,1940
2372,2019-12-15,3856,1845
2373,2020-02-14,3826,915
2374,2019-06-27,4680,1543
2375,2019-12-24,2969,1696
2376,2019-10-18,2558,398
2377,2019-08-24,4488,1161
2378,2019-07-11,1868,1569
2379,2020-02-16,3461,72
2380,2019-11-30,2707,92
2381,2019-09-08,1096,2424
2382,2019-08-26,2195,317
2383,2019-12-05,4232,784
2384,2019-10-12,4603,1261
2385,2020-03-09,891,2475
2386,2019-07-10,4939,1837
2387,2019-09-26,4468,2377
2388,2019-06-28,1383,508
2389,2020-04-03,3694,344
2390,2019-07-09,765,1396
2391,2020-05-22,4242,945
2392,2019-08-11,3395,2354
2393,2020-03-17,60,88
2394,2019-08-26,2198,1106
2395,2020-02-17,774,990
2396,2020-03-29,1865,1402
2397,2019-11-07,226,1242
2398,2020-01-10,63,1766
2399,2020-04-18,2829,1
2400,2019-11-05,772,1398
2401,2019-07-26,2557,2054
2402,2019-10-26,4978,2135
2403,2019-07-16,1146,622
2404,2019-11-16,3862,2065
2405,2019-05-29,4490,2305
2406,2019-05-27,4429,2057
2407,2019-06-15,1888,1992
2408,2020-05-04,2180,2310
2409,2019-09-20,3542,626
2410,2019-11-12,3923,516
2411,2020-05-26,1844,523
2412,2020-05-22,4663,1224
2413,2019-10-12,625,1240
2414,2020-04-24,262,1375
2415,2019-08-30,2401,1744
2416,2020-02-12,4536,1759
2417,2020-01-26,1555,277
2418,2020-01-25,2286,2195
2419,2019-09-27,289,844
2420,2019-10-02,490,2425
2421,2019-12-09,4926,1700
2422,2019-11-09,590,469
2423,2019-06-19,3881,529
2424,2020-03-16,1685,2060
2425,2020-04-25,601,2440
2426,2019-09-11,4274,568
2427,2020-03-14,2614,820
2428,2019-06-18,198,1426
2429,2020-04-30,3928,1160
2430,2019-10-31,3742,484
2431,2020-03-01,3301,645
2432,2020-01-20,1842,740
2433,2020-05-01,4768,2240
2434,2019-07-09,3870,2403
2435,2020-02-23,4665,1235
2436,2020-02-03,3770,2176
2437,2020-05-03,4781,360
2438,2019-08-01,4010,1876
2439,2020-05-12,663,1107
2440,2020-01-07,937,435
2441,2019-09-29,297,2072
2442,2020-03-02,3348,2042
2443,2019-09-08,1665,1704
2444,2019-08-31,858,913
2445,2019-12-10,3335,567
2446,2019-12-02,1639,1694
2447,2019-10-01,1176,582
2448,2020-04-05,2420,807
2449,2020-01-28,3145,960
2450,2020-05-13,1050,1629
2451,2019-08-19,1534,349
2452,2019-09-02,487,2494
2453,2019-08-26,3331,232
2454,2020-03-10,4833,1008
2455,2020-01-14,14,1714
2456,2019-10-12,671,1733
2457,2019-06-14,3212,731
2458,2019-06-01,2587,1659
2459,2020-03-05,3620,2173
2460,2019-12-24,4406,845
2461,2019-06-29,915,729
2462,2020-02-25,302,2170
2463,2019-08-16,4022,462
2464,2020-02-23,3878,804
2465,2020-04-11,1347,879
2466,2019-07-10,1556,2306
2467,2019-08-07,3359,1203
2468,2020-03-06,254,208
2469,2019-08-24,1271,839
2470,2020-01-09,2284,104
2471,2019-09-11,2289,2269
2472,2020-04-05,907,703
2473,2020-05-12,2508,868
2474,2020-01-15,2940,860
2475,2019-11-16,3472,1035
2476,2019-09-05,2911,93
2477,2019-07-15,2531,1313
2478,2019-09-21,3033,1705
2479,2019-09-20,4513,284
2480,2019-11-25,2147,1225
2481,2020-03-15,4193,808
2482,2019-11-01,1827,946
2483,2020-02-12,3809,292
2484,2020-02-10,817,1332
2485,2019-08-07,1149,679
2486,2020-04-04,3324,1617
2487,2019-12-30,2927,1669
2488,2019-11-12,4109,485
2489,2019-08-22,3670,2461
2490,2020-03-03,1745,1164
2491,2020-01-13,2025,950
2492,2019-12-07,2583,1016
2493,2020-03-02,3118,1427
2494,2020-03-04,1390,999
2495,2019-06-25,4403,2275
2496,2019-12-13,718,192
2497,2020-01-10,2967,1060
2498,2019-10-04,1050,248
2499,2019-11-17,1387,1494
